int_1;int_2;str_1;str_2;bool_1;int_3;int_4;str_3
123456;78910;lorem ipsum;sit amet;true;25;123456789;sitamet
123457;78911;odio ut sem;erat velit;false;26;123456790;eratvelit
123458;78912;eu scelerisque felis;massa vitae;false;27;123456791;massavitae
123459;78913;odio morbi quis;rhoncus urna;true;28;123456792;rhoncusurna
123460;78914;lectus urna duis;adipiscing enim;true;29;123456793;adipiscingenim
123461;78915;at ultrices mi;blandit cursus;true;30;123456794;blanditcursus
123462;78916;in est ante;commodo elit;false;31;123456795;commodoelit
123463;78917;placerat orci nulla;erat velit;false;32;123456796;eratvelit
123464;78918;lorem ipsum;massa vitae;false;33;123456797;massavitae
123465;78919;odio ut sem;rhoncus urna;false;34;123456798;rhoncusurna
123466;78920;eu scelerisque felis;adipiscing enim;false;35;123456799;adipiscingenim
123467;78921;odio morbi quis;blandit cursus;true;36;123456800;blanditcursus
123468;78922;lectus urna duis;commodo elit;true;37;123456801;commodoelit
123469;78923;at ultrices mi;erat velit;true;38;123456802;eratvelit
123470;78924;in est ante;massa vitae;true;39;123456803;massavitae
123471;78925;placerat orci nulla;rhoncus urna;true;40;123456804;rhoncusurna
123472;78926;lorem ipsum;adipiscing enim;true;41;123456805;adipiscingenim
123473;78927;odio ut sem;blandit cursus;true;42;123456806;blanditcursus
123474;78928;eu scelerisque felis;commodo elit;false;43;123456807;commodoelit
123475;78929;odio morbi quis;erat velit;false;44;123456808;eratvelit
123476;78930;lectus urna duis;massa vitae;false;25;123456789;massavitae
123477;78931;at ultrices mi;rhoncus urna;false;26;123456790;rhoncusurna
123478;78932;in est ante;adipiscing enim;true;27;123456791;adipiscingenim
123479;78933;placerat orci nulla;blandit cursus;true;28;123456792;blanditcursus
123480;78934;lorem ipsum;commodo elit;true;29;123456793;commodoelit
123481;78935;odio ut sem;erat velit;true;30;123456794;eratvelit
123482;78936;eu scelerisque felis;massa vitae;false;31;123456795;massavitae
123483;78937;odio morbi quis;rhoncus urna;true;32;123456796;rhoncusurna
123484;78938;lectus urna duis;adipiscing enim;true;33;123456797;adipiscingenim
123485;78939;at ultrices mi;blandit cursus;true;34;123456798;blanditcursus
123486;78940;in est ante;commodo elit;true;35;123456799;commodoelit
123487;78941;placerat orci nulla;erat velit;false;36;123456800;eratvelit
123488;78942;lorem ipsum;massa vitae;false;37;123456801;massavitae
123489;78943;odio ut sem;rhoncus urna;true;38;123456799,3;rhoncusurna
123490;78944;eu scelerisque felis;adipiscing enim;true;39;123456799,5;adipiscingenim
123491;78945;odio morbi quis;blandit cursus;true;40;123456799,6;blanditcursus
123492;78946;lectus urna duis;commodo elit;true;41;123456799,7;commodoelit
123493;78947;at ultrices mi;erat velit;true;42;123456799,9;eratvelit
123494;78948;in est ante;massa vitae;false;43;123456800;massavitae
123495;78949;placerat orci nulla;rhoncus urna;false;44;123456800,1;rhoncusurna
123496;78950;odio morbi quis;adipiscing enim;true;25;123456800,3;adipiscingenim
123497;78951;lectus urna duis;blandit cursus;true;26;123456800,4;blanditcursus
123498;78952;at ultrices mi;commodo elit;true;27;123456789;commodoelit
